FR_CODE,STATION_NAME,SUBWAY_NAME,STATION_CODE,SUBWAY_ID,API_STATION_ID
0008,수서,GTX-A,X108,1032,1032000353
0009,성남,GTX-A,X109,1032,1032000354
0010,구성,GTX-A,X110,1032,1032000355
0011,동탄,GTX-A,X111,1032,1032000356
0201,시청,02호선,201,1002,1002000201
1958,대화,03호선,309,1003,1003000309
1957,주엽,03호선,310,1003,1003000310
100C,용산,경의중앙선,K110,1063,1063075110
1305,광운대,경춘선,P116,1067,1067080119
1306,청량리,경춘선,P117,1067,1067080116
1916,소요산,01호선,100,1001,1001000100
0405,진접,04호선,405,1004,1004000405
0202,을지로입구,02호선,202,1002,1002000202
1956,정발산,03호선,311,1003,1003000311
1955,마두,03호선,312,1003,1003000312
0406,오남,04호선,406,1004,1004000406
0408,별내별가람,04호선,408,1004,1004000408
0409,당고개,04호선,409,1004,1004000409
1307,회기,경춘선,P118,1067,1067080117
1501,판교,경강선,K409,1081,1081037409
1512,성남,경강선,K410,1081,1081037410
1915,동두천,01호선,101,1001,1001000101
0203,을지로3가,02호선,203,1002,1002000203
0204,을지로4가,02호선,204,1002,1002000204
1954,백석,03호선,313,1003,1003000313
1953,대곡,03호선,314,1003,1003000314
0410,상계,04호선,410,1004,1004000410
1008,이촌,경의중앙선,K111,1063,1063075111
1914,보산,01호선,102,1001,1001000102
1845,청량리,수인분당선,K209,1075,1075075209
108C,일산,서해선,S07,1093,1093004001
107C,풍산,서해선,S08,1093,1093004002
1308,중랑,경춘선,P119,1067,1067080118
0205,동대문역사문화공원,02호선,205,1002,1002000205
0206,신당,02호선,206,1002,1002000206
1952,화정,03호선,315,1003,1003000315
0411,노원,04호선,411,1004,1004000411
1913,동두천중앙,01호선,103,1001,1001000103
102C,왕십리,수인분당선,K210,1075,1075075210
1309,상봉,경춘선,P120,1067,1067080120
1310,망우,경춘선,P121,1067,1067080121
1912,지행,01호선,104,1001,1001000104
1502,이매,경강선,K411,1081,1081037411
1911,덕정,01호선,105,1001,1001000105
1910,덕계,01호선,106,1001,1001000106
0412,창동,04호선,412,1004,1004000412
0207,상왕십리,02호선,207,1002,1002000207
1951,원당,03호선,316,1003,1003000316
1909,양주,01호선,107,1001,1001000107
1009,서빙고,경의중앙선,K112,1063,1063075112
1010,한남,경의중앙선,K113,1063,1063075113
1011,옥수,경의중앙선,K114,1063,1063075114
1012,응봉,경의중앙선,K115,1063,1063075115
1013,왕십리,경의중앙선,K116,1063,1063075116
0413,쌍문,04호선,413,1004,1004000413
1503,삼동,경강선,K412,1081,1081037412
1908,녹양,01호선,108,1001,1001000108
1907,가능,01호선,109,1001,1001000109
1906,의정부,01호선,110,1001,1001000110
1905,회룡,01호선,111,1001,1001000111
0414,수유,04호선,414,1004,1004000414
0208,왕십리,02호선,208,1002,1002000208
1948,원흥,03호선,317,1003,1003000317
0415,미아,04호선,415,1004,1004000415
0416,미아사거리,04호선,416,1004,1004000416
1904,망월사,01호선,112,1001,1001000112
106C,백마,서해선,S09,1093,1093004003
1014,청량리,경의중앙선,K117,1063,1063075117
101C,회기,경의중앙선,K118,1063,1063075118
1311,신내,경춘선,P122,1067,1067080122
0417,길음,04호선,417,1004,1004000417
1504,경기광주,경강선,K413,1081,1081037413
1505,초월,경강선,K414,1081,1081037414
1903,도봉산,01호선,113,1001,1001000113
0209,한양대,02호선,209,1002,1002000209
0418,성신여대입구,04호선,418,1004,1004000418
1201,중랑,경의중앙선,K119,1063,1063075119
1202,상봉,경의중앙선,K120,1063,1063075120
1203,망우,경의중앙선,K121,1063,1063075121
1312,갈매,경춘선,P123,1067,1067080123
1313,별내,경춘선,P124,1067,1067080124
1314,퇴계원,경춘선,P125,1067,1067080125
0210,뚝섬,02호선,210,1002,1002000210
0419,한성대입구,04호선,419,1004,1004000419
0420,혜화,04호선,420,1004,1004000420
1204,양원,경의중앙선,K122,1063,1063075122
1847,서울숲,수인분당선,K211,1075,1075075211
1205,구리,경의중앙선,K123,1063,1063075123
1206,도농,경의중앙선,K124,1063,1063075124
1207,양정,경의중앙선,K125,1063,1063075125
1208,덕소,경의중앙선,K126,1063,1063075126
1315,사릉,경춘선,P126,1067,1067080126
1506,곤지암,경강선,K415,1081,1081037415
0211,성수,02호선,211,1002,1002000211
1950,삼송,03호선,318,1003,1003000318
0309,지축,03호선,319,1003,1003000319
0310,구파발,03호선,320,1003,1003000320
0421,동대문,04호선,421,1004,1004000421
1902,도봉,01호선,114,1001,1001000114
1209,도심,경의중앙선,K127,1063,1063075127
0422,동대문역사문화공원,04호선,422,1004,1004000422
0212,건대입구,02호선,212,1002,1002000212
0213,구의,02호선,213,1002,1002000213
0214,강변,02호선,214,1002,1002000214
0215,잠실나루,02호선,215,1002,1002000215
0216,잠실,02호선,216,1002,1002000216
0217,잠실새내,02호선,217,1002,1002000217
0218,종합운동장,02호선,218,1002,1002000218
1848,압구정로데오,수인분당선,K212,1075,1075075212
1901,방학,01호선,115,1001,1001000115
0219,삼성,02호선,219,1002,1002000219
0220,선릉,02호선,220,1002,1002000220
0311,연신내,03호선,321,1003,1003000321
0312,불광,03호선,322,1003,1003000322
0423,충무로,04호선,423,1004,1004000423
0424,명동,04호선,424,1004,1004000424
0425,회현,04호선,425,1004,1004000425
1210,팔당,경의중앙선,K128,1063,1063075128
1316,금곡,경춘선,P127,1067,1067080127
1022,창동,01호선,116,1001,1001000116
0221,역삼,02호선,221,1002,1002000221
0222,강남,02호선,222,1002,1002000222
0313,녹번,03호선,323,1003,1003000323
0426,서울,04호선,426,1004,1004000426
0427,숙대입구,04호선,427,1004,1004000427
1021,녹천,01호선,117,1001,1001000117
1211,운길산,경의중앙선,K129,1063,1063075129
1212,양수,경의중앙선,K130,1063,1063075130
0428,삼각지,04호선,428,1004,1004000428
0223,교대,02호선,223,1002,1002000223
1020,월계,01호선,118,1001,1001000118
1019,광운대,01호선,119,1001,1001000119
1018,석계,01호선,120,1001,1001000120
0429,신용산,04호선,429,1004,1004000429
0430,이촌,04호선,430,1004,1004000430
0224,서초,02호선,224,1002,1002000224
0225,방배,02호선,225,1002,1002000225
1017,신이문,01호선,121,1001,1001000121
1213,신원,경의중앙선,K131,1063,1063075131
1214,국수,경의중앙선,K132,1063,1063075132
1215,아신,경의중앙선,K133,1063,1063075133
1016,외대앞,01호선,122,1001,1001000122
0431,동작,04호선,431,1004,1004000431
0432,총신대입구(이수),04호선,432,1004,1004000432
0433,사당,04호선,433,1004,1004000433
1015,회기,01호선,123,1001,1001000123
0158,청량리,01호선,124,1001,1001000124
0157,제기동,01호선,125,1001,1001000125
0156,신설동,01호선,126,1001,1001000126
0159,동묘앞,01호선,127,1001,1001000127
0155,동대문,01호선,128,1001,1001000128
0226,사당,02호선,226,1002,1002000226
0434,남태령,04호선,434,1004,1004000434
1849,강남구청,수인분당선,K213,1075,1075075213
1850,선정릉,수인분당선,K214,1075,1075075214
1023,선릉,수인분당선,K215,1075,1075075215
1216,오빈,경의중앙선,K134,1063,1063075134
1217,양평,경의중앙선,K135,1063,1063075135
1218,원덕,경의중앙선,K136,1063,1063075136
1219,용문,경의중앙선,K137,1063,1063075137
1220,지평,경의중앙선,K138,1063,1063075138
1262,공덕,경의중앙선,K312,1063,1063075312
1263,서강대,경의중앙선,K313,1063,1063075313
1264,홍대입구,경의중앙선,K314,1063,1063075314
1265,가좌,경의중앙선,K315,1063,1063075315
1266,디지털미디어시티,경의중앙선,K316,1063,1063075316
1267,수색,경의중앙선,K317,1063,1063075317
1268,한국항공대,경의중앙선,K318,1063,1063075318
0154,종로5가,01호선,129,1001,1001000129
0153,종로3가,01호선,130,1001,1001000130
0227,낙성대,02호선,227,1002,1002000227
1450,선바위,04호선,435,1004,1004000435
1451,경마공원,04호선,436,1004,1004000436
1452,대공원,04호선,437,1004,1004000437
0152,종각,01호선,131,1001,1001000131
0151,시청,01호선,132,1001,1001000132
1269,강매,경의중앙선,K319,1063,1063075319
1270,행신,경의중앙선,K320,1063,1063075320
0150,서울,01호선,133,1001,1001000133
1002,남영,01호선,134,1001,1001000134
1271,능곡,경의중앙선,K321,1063,1063075321
1003,용산,01호선,135,1001,1001000135
1004,노량진,01호선,136,1001,1001000136
105C,곡산,서해선,S10,1093,1093004004
0300,대곡,경의중앙선,K322,1063,1063075322
1272,곡산,경의중앙선,K323,1063,1063075323
1273,백마,경의중앙선,K324,1063,1063075324
1453,과천,04호선,438,1004,1004000438
0228,서울대입구,02호선,228,1002,1002000228
0314,홍제,03호선,324,1003,1003000324
0315,무악재,03호선,325,1003,1003000325
0316,독립문,03호선,326,1003,1003000326
0317,경복궁,03호선,327,1003,1003000327
0318,안국,03호선,328,1003,1003000328
0319,종로3가,03호선,329,1003,1003000329
1454,정부과천청사,04호선,439,1004,1004000439
1455,인덕원,04호선,440,1004,1004000440
1456,평촌,04호선,441,1004,1004000441
1457,범계,04호선,442,1004,1004000442
1458,금정,04호선,443,1004,1004000443
1751,산본,04호선,444,1004,1004000444
1763,수리산,04호선,445,1004,1004000445
1752,대야미,04호선,446,1004,1004000446
1317,평내호평,경춘선,P128,1067,1067080128
0229,봉천,02호선,229,1002,1002000229
0230,신림,02호선,230,1002,1002000230
0231,신대방,02호선,231,1002,1002000231
0232,구로디지털단지,02호선,232,1002,1002000232
0233,대림,02호선,233,1002,1002000233
0234,신도림,02호선,234,1002,1002000234
0320,을지로3가,03호선,330,1003,1003000330
0321,충무로,03호선,331,1003,1003000331
0322,동대입구,03호선,332,1003,1003000332
0323,약수,03호선,333,1003,1003000333
0324,금호,03호선,334,1003,1003000334
0325,옥수,03호선,335,1003,1003000335
0326,압구정,03호선,336,1003,1003000336
0327,신사,03호선,337,1003,1003000337
0328,잠원,03호선,338,1003,1003000338
1753,반월,04호선,447,1004,1004000447
0235,문래,02호선,235,1002,1002000235
0236,영등포구청,02호선,236,1002,1002000236
0237,당산,02호선,237,1002,1002000237
0238,합정,02호선,238,1002,1002000238
0239,홍대입구,02호선,239,1002,1002000239
0240,신촌,02호선,240,1002,1002000240
0241,이대,02호선,241,1002,1002000241
0242,아현,02호선,242,1002,1002000242
0243,충정로,02호선,243,1002,1002000243
0244,용답,02호선,211-1,1002,1002002111
0245,신답,02호선,211-2,1002,1002002112
0250,용두,02호선,211-3,1002,1002002113
0246,신설동,02호선,211-4,1002,1002002114
0247,도림천,02호선,234-1,1002,1002002341
0248,양천구청,02호선,234-2,1002,1002002342
1005,대방,01호선,137,1001,1001000137
0249,신정네거리,02호선,234-3,1002,1002002343
0329,고속터미널,03호선,339,1003,1003000339
1754,상록수,04호선,448,1004,1004000448
1032,신길,01호선,138,1001,1001000138
1318,천마산,경춘선,P129,1067,1067080129
1319,마석,경춘선,P130,1067,1067080130
1006,영등포,01호선,139,1001,1001000139
1755,한대앞,04호선,449,1004,1004000449
1507,신둔도예촌,경강선,K416,1081,1081037416
1007,신도림,01호선,140,1001,1001000140
1756,중앙,04호선,450,1004,1004000450
1757,고잔,04호선,451,1004,1004000451
1758,초지,04호선,452,1004,1004000452
1759,안산,04호선,453,1004,1004000453
1760,신길온천,04호선,454,1004,1004000454
1024,한티,수인분당선,K216,1075,1075075216
1701,구로,01호선,141,1001,1001000141
1813,구일,01호선,142,1001,1001000142
1801,개봉,01호선,143,1001,1001000143
1802,오류동,01호선,144,1001,1001000144
1821,온수,01호선,145,1001,1001000145
1803,역곡,01호선,146,1001,1001000146
1814,소사,01호선,147,1001,1001000147
1804,부천,01호선,148,1001,1001000148
1822,중동,01호선,149,1001,1001000149
0330,교대,03호선,340,1003,1003000340
0331,남부터미널,03호선,341,1003,1003000341
1805,송내,01호선,150,1001,1001000150
103C,대곡,서해선,S11,1093,1093004005
1274,풍산,경의중앙선,K325,1063,1063075325
1275,일산,경의중앙선,K326,1063,1063075326
1276,탄현,경의중앙선,K327,1063,1063075327
1277,야당,경의중앙선,K328,1063,1063075328
1278,운정,경의중앙선,K329,1063,1063075329
1279,금릉,경의중앙선,K330,1063,1063075330
1280,금촌,경의중앙선,K331,1063,1063075331
1320,대성리,경춘선,P131,1067,1067080131
1321,청평,경춘선,P132,1067,1067080132
1322,상천,경춘선,P133,1067,1067080133
1815,부개,01호선,151,1001,1001000151
1806,부평,01호선,152,1001,1001000152
1807,백운,01호선,153,1001,1001000153
1025,도곡,수인분당선,K217,1075,1075075217
1026,구룡,수인분당선,K218,1075,1075075218
1027,개포동,수인분당선,K219,1075,1075075219
1028,대모산입구,수인분당선,K220,1075,1075075220
1030,수서,수인분당선,K221,1075,1075075221
1031,복정,수인분당선,K222,1075,1075075222
1851,가천대,수인분당선,K223,1075,1075075223
0332,양재,03호선,342,1003,1003000342
1282,월롱,경의중앙선,K333,1063,1063075333
1852,태평,수인분당선,K224,1075,1075075224
1283,파주,경의중앙선,K334,1063,1063075334
1323,가평,경춘선,P134,1067,1067080134
1324,굴봉산,경춘선,P135,1067,1067080135
1508,이천,경강선,K417,1081,1081037417
1808,동암,01호선,154,1001,1001000154
1816,간석,01호선,155,1001,1001000155
1853,모란,수인분당선,K225,1075,1075075225
1854,야탑,수인분당선,K226,1075,1075075226
1860,이매,수인분당선,K227,1075,1075075227
1855,서현,수인분당선,K228,1075,1075075228
1856,수내,수인분당선,K229,1075,1075075229
1857,정자,수인분당선,K230,1075,1075075230
1858,미금,수인분당선,K231,1075,1075075231
1859,오리,수인분당선,K232,1075,1075075232
1862,죽전,수인분당선,K233,1075,1075075233
1861,보정,수인분당선,K234,1075,1075075234
1863,구성,수인분당선,K235,1075,1075075235
1864,신갈,수인분당선,K236,1075,1075075236
1865,기흥,수인분당선,K237,1075,1075075237
1866,상갈,수인분당선,K238,1075,1075075238
1867,청명,수인분당선,K239,1075,1075075239
1868,영통,수인분당선,K240,1075,1075075240
1869,망포,수인분당선,K241,1075,1075075241
1870,매탄권선,수인분당선,K242,1075,1075075242
1871,수원시청,수인분당선,K243,1075,1075075243
1284,문산,경의중앙선,K335,1063,1063075335
104C,능곡,서해선,S12,1093,1093004006
1325,백양리,경춘선,P136,1067,1067080136
1761,정왕,04호선,455,1004,1004000455
1809,주안,01호선,156,1001,1001000156
1823,도화,01호선,157,1001,1001000157
1810,제물포,01호선,158,1001,1001000158
1817,도원,01호선,159,1001,1001000159
1811,동인천,01호선,160,1001,1001000160
1872,매교,수인분당선,K244,1075,1075075244
1846,수원,수인분당선,K245,1075,1075075245
1873,고색,수인분당선,K246,1075,1075075246
1874,오목천,수인분당선,K247,1075,1075075247
1875,어천,수인분당선,K248,1075,1075075248
1876,야목,수인분당선,K249,1075,1075075249
1877,사리,수인분당선,K250,1075,1075075250
1812,인천,01호선,161,1001,1001000161
1917,청산,01호선,100-1,1001,1001001001
1918,전곡,01호선,100-2,1001,1001001002
1919,연천,01호선,100-3,1001,1001001003
1702,가산디지털단지,01호선,P142,1001,1001080142
1714,독산,01호선,P143,1001,1001080143
1703,금천구청,01호선,P144,1001,1001080144
0333,매봉,03호선,343,1003,1003000343
0334,도곡,03호선,344,1003,1003000344
1830,한대앞,수인분당선,K251,1075,1075075251
1286,운천,경의중앙선,K336,1063,1063075336
1762,오이도,04호선,456,1004,1004000456
1509,부발,경강선,K418,1081,1081037418
1750,광명,01호선,P144-1,1001,1001075410
1704,석수,01호선,P145,1001,1001080145
1705,관악,01호선,P146,1001,1001080146
1706,안양,01호선,P147,1001,1001080147
1707,명학,01호선,P148,1001,1001080148
1708,금정,01호선,P149,1001,1001080149
1831,중앙,수인분당선,K252,1075,1075075252
1832,고잔,수인분당선,K253,1075,1075075253
1709,군포,01호선,P150,1001,1001080150
1729,당정,01호선,P151,1001,1001080151
1710,의왕,01호선,P152,1001,1001080152
0335,대치,03호선,345,1003,1003000345
1980,김포공항,서해선,S13,1093,1093004007
1981,원종,서해선,S14,1093,1093004008
2511,방화,05호선,510,1005,1005000510
2512,개화산,05호선,511,1005,1005000511
2513,김포공항,05호선,512,1005,1005000512
2514,송정,05호선,513,1005,1005000513
1285,임진강,경의중앙선,K337,1063,1063075337
1326,강촌,경춘선,P137,1067,1067080137
1327,김유정,경춘선,P138,1067,1067080138
1328,남춘천,경춘선,P139,1067,1067080139
1510,세종대왕릉,경강선,K419,1081,1081037419
1711,성균관대,01호선,P153,1001,1001080153
1833,초지,수인분당선,K254,1075,1075075254
1834,안산,수인분당선,K255,1075,1075075255
1835,신길온천,수인분당선,K256,1075,1075075256
1836,정왕,수인분당선,K257,1075,1075075257
1800,오이도,수인분당선,K258,1075,1075075258
1878,달월,수인분당선,K259,1075,1075075259
1712,화서,01호선,P154,1001,1001080154
1713,수원,01호선,P155,1001,1001080155
1715,세류,01호선,P156,1001,1001080156
2515,마곡,05호선,514,1005,1005000514
2516,발산,05호선,515,1005,1005000515
2517,우장산,05호선,516,1005,1005000516
2518,화곡,05호선,517,1005,1005000517
2519,까치산,05호선,518,1005,1005000518
2520,신정(은행정),05호선,519,1005,1005000519
2521,목동,05호선,520,1005,1005000520
1511,여주,경강선,K420,1081,1081037420
1716,병점,01호선,P157,1001,1001080157
1749,서동탄,01호선,P157-1,1001,1001801571
1879,월곶,수인분당선,K260,1075,1075075260
1880,소래포구,수인분당선,K261,1075,1075075261
1881,인천논현,수인분당선,K262,1075,1075075262
1882,호구포,수인분당선,K263,1075,1075075263
1883,남동인더스파크,수인분당선,K264,1075,1075075264
1884,원인재,수인분당선,K265,1075,1075075265
1717,세마,01호선,P158,1001,1001080158
0336,학여울,03호선,346,1003,1003000346
0337,대청,03호선,347,1003,1003000347
2522,오목교(목동운동장앞),05호선,521,1005,1005000521
2523,양평,05호선,522,1005,1005000522
2524,영등포구청,05호선,523,1005,1005000523
2525,영등포시장,05호선,524,1005,1005000524
2526,신길,05호선,525,1005,1005000525
2527,여의도,05호선,526,1005,1005000526
2528,여의나루,05호선,527,1005,1005000527
2529,마포,05호선,528,1005,1005000528
2530,공덕,05호선,529,1005,1005000529
1718,오산대,01호선,P159,1001,1001080159
1719,오산,01호선,P160,1001,1001080160
1720,진위,01호선,P161,1001,1001080161
1885,연수,수인분당선,K266,1075,1075075266
1886,송도,수인분당선,K267,1075,1075075267
1888,인하대,수인분당선,K269,1075,1075075268
1721,송탄,01호선,P162,1001,1001080162
1722,서정리,01호선,P163,1001,1001080163
0338,일원,03호선,348,1003,1003000348
0339,수서,03호선,349,1003,1003000349
2531,애오개,05호선,530,1005,1005000530
2532,충정로,05호선,531,1005,1005000531
2533,서대문,05호선,532,1005,1005000532
2534,광화문,05호선,533,1005,1005000533
2535,종로3가,05호선,534,1005,1005000534
2536,을지로4가,05호선,535,1005,1005000535
2537,동대문역사문화공원,05호선,536,1005,1005000536
2538,청구,05호선,537,1005,1005000537
2539,신금호,05호선,538,1005,1005000538
2540,행당,05호선,539,1005,1005000539
1889,숭의,수인분당선,K270,1075,1075075269
0340,가락시장,03호선,350,1003,1003000350
0341,경찰병원,03호선,351,1003,1003000351
2541,왕십리,05호선,540,1005,1005000540
2542,마장,05호선,541,1005,1005000541
2543,답십리,05호선,542,1005,1005000542
2544,장한평,05호선,543,1005,1005000543
2545,군자(능동),05호선,544,1005,1005000544
2546,아차산(어린이대공원후문),05호선,545,1005,1005000545
2547,광나루(장신대),05호선,546,1005,1005000546
2548,천호(풍납토성),05호선,547,1005,1005000547
2549,강동,05호선,548,1005,1005000548
2550,길동,05호선,549,1005,1005000549
2551,굽은다리(강동구민회관앞),05호선,550,1005,1005000550
2552,명일,05호선,551,1005,1005000551
2553,고덕,05호선,552,1005,1005000552
2554,상일동,05호선,553,1005,1005000553
2562,강일,05호선,554,1005,1005000554
2563,미사,05호선,555,1005,1005000555
2564,하남풍산,05호선,556,1005,1005000556
2565,하남시청,05호선,557,1005,1005000557
2611,응암,06호선,610,1006,1006000610
2612,역촌,06호선,611,1006,1006000611
2613,불광,06호선,612,1006,1006000612
2614,독바위,06호선,613,1006,1006000613
2615,연신내,06호선,614,1006,1006000614
2616,구산,06호선,615,1006,1006000615
2617,새절(신사),06호선,616,1006,1006000616
2618,증산(명지대앞),06호선,617,1006,1006000617
1890,신포,수인분당선,K271,1075,1075075270
1723,평택지제,01호선,P164,1001,1001080164
0342,오금,03호선,352,1003,1003000352
2566,하남검단산,05호선,558,1005,1005000558
2619,디지털미디어시티,06호선,618,1006,1006000618
2620,월드컵경기장(성산),06호선,619,1006,1006000619
2621,마포구청,06호선,620,1006,1006000620
2622,망원,06호선,621,1006,1006000621
2623,합정,06호선,622,1006,1006000622
2624,상수,06호선,623,1006,1006000623
2625,광흥창,06호선,624,1006,1006000624
2626,대흥(서강대앞),06호선,625,1006,1006000625
2627,공덕,06호선,626,1006,1006000626
2628,효창공원앞,06호선,627,1006,1006000627
2629,삼각지,06호선,628,1006,1006000628
2630,녹사평,06호선,629,1006,1006000629
2631,이태원,06호선,630,1006,1006000630
2632,한강진,06호선,631,1006,1006000631
2633,버티고개,06호선,632,1006,1006000632
2634,약수,06호선,633,1006,1006000633
2635,청구,06호선,634,1006,1006000634
2636,신당,06호선,635,1006,1006000635
2637,동묘앞,06호선,636,1006,1006000636
2638,창신,06호선,637,1006,1006000637
2639,보문,06호선,638,1006,1006000638
2640,안암(고대병원앞),06호선,639,1006,1006000639
2641,고려대,06호선,640,1006,1006000640
2642,월곡(동덕여대),06호선,641,1006,1006000641
1724,평택,01호선,P165,1001,1001080165
1725,성환,01호선,P166,1001,1001080166
1982,부천종합운동장,서해선,S15,1093,1093004009
2555,둔촌동,05호선,P549,1005,1005080549
2556,올림픽공원(한국체대),05호선,P550,1005,1005080550
2643,상월곡(한국과학기술연구원),06호선,642,1006,1006000642
2644,돌곶이,06호선,643,1006,1006000643
2645,석계,06호선,644,1006,1006000644
2646,태릉입구,06호선,645,1006,1006000645
2647,화랑대(서울여대입구),06호선,646,1006,1006000646
2711,장암,07호선,709,1007,1007000709
2712,도봉산,07호선,710,1007,1007000710
2713,수락산,07호선,711,1007,1007000711
2714,마들,07호선,712,1007,1007000712
2715,노원,07호선,713,1007,1007000713
2716,중계,07호선,714,1007,1007000714
2717,하계,07호선,715,1007,1007000715
2718,공릉(서울산업대입구),07호선,716,1007,1007000716
2719,태릉입구,07호선,717,1007,1007000717
2720,먹골,07호선,718,1007,1007000718
2721,중화,07호선,719,1007,1007000719
2722,상봉,07호선,720,1007,1007000720
2723,면목,07호선,721,1007,1007000721
2724,사가정,07호선,722,1007,1007000722
2725,용마산,07호선,723,1007,1007000723
2726,중곡,07호선,724,1007,1007000724
2727,군자(능동),07호선,725,1007,1007000725
2557,방이,05호선,P551,1005,1005080551
2558,오금,05호선,P552,1005,1005080552
2728,어린이대공원(세종대),07호선,726,1007,1007000726
2729,건대입구,07호선,727,1007,1007000727
2730,자양(뚝섬유원지),07호선,728,1007,1007000728
2731,청담,07호선,729,1007,1007000729
2732,강남구청,07호선,730,1007,1007000730
2733,학동,07호선,731,1007,1007000731
2734,논현,07호선,732,1007,1007000732
2735,반포,07호선,733,1007,1007000733
2736,고속터미널,07호선,734,1007,1007000734
2737,내방,07호선,735,1007,1007000735
2738,총신대입구(이수),07호선,736,1007,1007000736
2739,남성,07호선,737,1007,1007000737
2740,숭실대입구(살피재),07호선,738,1007,1007000738
2741,상도(중앙대앞),07호선,739,1007,1007000739
2742,장승배기,07호선,740,1007,1007000740
2743,신대방삼거리,07호선,741,1007,1007000741
2744,보라매,07호선,742,1007,1007000742
2745,신풍,07호선,743,1007,1007000743
2746,대림,07호선,744,1007,1007000744
2811,암사,08호선,810,1008,1008000810
2812,천호(풍납토성),08호선,811,1008,1008000811
2813,강동구청,08호선,812,1008,1008000812
2814,몽촌토성(평화의문),08호선,813,1008,1008000813
2815,잠실,08호선,814,1008,1008000814
2559,개롱,05호선,P553,1005,1005080553
2560,거여,05호선,P554,1005,1005080554
2747,남구로,07호선,745,1007,1007000745
2748,가산디지털단지,07호선,746,1007,1007000746
2816,석촌,08호선,815,1008,1008000815
2817,송파,08호선,816,1008,1008000816
2818,가락시장,08호선,817,1008,1008000817
2819,문정,08호선,818,1008,1008000818
2820,장지,08호선,819,1008,1008000819
2821,복정,08호선,820,1008,1008000820
2828,남위례,08호선,821,1008,1008000821
2822,산성,08호선,822,1008,1008000822
2823,"남한산성입구(성남법원,검찰청)",08호선,823,1008,1008000823
2824,단대오거리,08호선,824,1008,1008000824
2825,신흥,08호선,825,1008,1008000825
2826,수진,08호선,826,1008,1008000826
3110,계양,인천선,I110,0,0
3111,귤현,인천선,I111,0,0
3114,계산,인천선,I114,0,0
3115,경인교대입구,인천선,I115,0,0
3116,작전,인천선,I116,0,0
3117,갈산,인천선,I117,0,0
3118,부평구청,인천선,I118,0,0
3119,부평시장,인천선,I119,0,0
3120,부평,인천선,I120,0,0
3121,동수,인천선,I121,0,0
3122,부평삼거리,인천선,I122,0,0
3124,인천시청,인천선,I124,0,0
2749,철산,07호선,747,1007,1007000747
2750,광명사거리,07호선,748,1007,1007000748
3112,박촌,인천선,I112,0,0
3113,임학,인천선,I113,0,0
3123,간석오거리,인천선,I123,0,0
3125,예술회관,인천선,I125,0,0
3126,인천터미널,인천선,I126,0,0
3127,문학경기장,인천선,I127,0,0
3128,선학,인천선,I128,0,0
3129,신연수,인천선,I129,0,0
3131,동춘,인천선,I131,0,0
3133,캠퍼스타운,인천선,I133,0,0
3135,지식정보단지,인천선,I135,0,0
3136,인천대입구,인천선,I136,0,0
3137,센트럴파크,인천선,I137,0,0
3138,국제업무지구,인천선,I138,0,0
3203,검단사거리,인천2호선,I203,0,0
3204,마전,인천2호선,I204,0,0
3205,완정,인천2호선,I205,0,0
3208,검바위,인천2호선,I208,0,0
3212,가정중앙시장,인천2호선,I212,0,0
3215,인천가좌,인천2호선,I215,0,0
3216,가재울,인천2호선,I216,0,0
3217,주안국가산단,인천2호선,I217,0,0
3219,시민공원,인천2호선,I219,0,0
3225,남동구청,인천2호선,I225,0,0
3226,인천대공원,인천2호선,I226,0,0
4101,개화,09호선,901,1009,1009000901
2751,천왕,07호선,749,1007,1007000749
2752,온수,07호선,750,1007,1007000750
3130,원인재,인천선,I130,0,0
3132,동막,인천선,I132,0,0
3139,송도달빛축제공원,인천선,I139,0,0
3206,독정,인천2호선,I206,0,0
3207,검암,인천2호선,I207,0,0
3209,아시아드경기장,인천2호선,I209,0,0
3211,가정,인천2호선,I211,0,0
3213,석남,인천2호선,I213,0,0
3214,서부여성회관,인천2호선,I214,0,0
3220,석바위시장,인천2호선,I220,0,0
3221,인천시청,인천2호선,I221,0,0
3222,석천사거리,인천2호선,I222,0,0
3223,모래내시장,인천2호선,I223,0,0
3227,운연,인천2호선,I227,0,0
3753,까치울,07호선,751,1007,1007000751
3754,부천종합운동장,07호선,752,1007,1007000752
3755,춘의,07호선,753,1007,1007000753
4310,청계산입구,신분당선,D10,1077,1077006810
2827,모란,08호선,827,1008,1008000827
3134,테크노파크,인천선,I134,0,0
3202,왕길,인천2호선,I202,0,0
3756,신중동,07호선,754,1007,1007000754
3757,부천시청,07호선,755,1007,1007000755
3758,상동,07호선,756,1007,1007000756
3759,삼산체육관,07호선,757,1007,1007000757
3760,굴포천,07호선,758,1007,1007000758
3761,부평구청,07호선,759,1007,1007000759
3762,산곡,07호선,760,1007,1007000760
4102,김포공항,09호선,902,1009,1009000902
4103,공항시장,09호선,903,1009,1009000903
4104,신방화,09호선,904,1009,1009000904
4105,마곡나루,09호선,905,1009,1009000905
4106,양천향교,09호선,906,1009,1009000906
4107,가양,09호선,907,1009,1009000907
3210,서구청,인천2호선,I210,0,0
3218,주안,인천2호선,I218,0,0
3224,만수,인천2호선,I224,0,0
3763,석남,07호선,761,1007,1007000761
4108,증미,09호선,908,1009,1009000908
4109,등촌,09호선,909,1009,1009000909
4110,염창,09호선,910,1009,1009000910
4111,신목동,09호선,911,1009,1009000911
4112,선유도,09호선,912,1009,1009000912
4113,당산,09호선,913,1009,1009000913
4114,국회의사당,09호선,914,1009,1009000914
4115,여의도,09호선,915,1009,1009000915
4116,샛강,09호선,916,1009,1009000916
4117,노량진,09호선,917,1009,1009000917
4118,노들,09호선,918,1009,1009000918
4119,흑석,09호선,919,1009,1009000919
4120,동작,09호선,920,1009,1009000920
4121,구반포,09호선,921,1009,1009000921
4122,신반포,09호선,922,1009,1009000922
4123,고속터미널,09호선,923,1009,1009000923
4124,사평,09호선,924,1009,1009000924
4125,신논현,09호선,925,1009,1009000925
4126,언주,09호선,926,1009,1009000926
4127,선정릉,09호선,927,1009,1009000927
4128,삼성중앙,09호선,928,1009,1009000928
4129,봉은사,09호선,929,1009,1009000929
4130,종합운동장,09호선,930,1009,1009000930
4131,삼전,09호선,931,1009,1009000931
4132,석촌고분,09호선,932,1009,1009000932
4133,석촌,09호선,933,1009,1009000933
4134,송파나루,09호선,934,1009,1009000934
4135,한성백제,09호선,935,1009,1009000935
4136,올림픽공원,09호선,936,1009,1009000936
4201,서울,공항철도,A01,1065,1065006501
4610,경기도청북부청사,의정부경전철,U120,0,0
4137,둔촌오륜,09호선,937,1009,1009000937
4202,공덕,공항철도,A02,1065,1065006502
4203,홍대입구,공항철도,A03,1065,1065006503
4204,디지털미디어시티,공항철도,A04,1065,1065006504
4206,마곡나루,공항철도,A042,1065,1065065042
4207,김포공항,공항철도,A05,1065,1065006505
4208,계양,공항철도,A06,1065,1065006506
4209,검암,공항철도,A07,1065,1065006507
4210,청라국제도시,공항철도,A071,1065,1065065071
4217,영종,공항철도,A072,1065,1065065072
4211,운서,공항철도,A08,1065,1065006508
4212,공항화물청사,공항철도,A09,1065,1065006509
4213,인천공항1터미널,공항철도,A10,1065,1065006510
4215,인천공항2터미널,공항철도,A11,1065,1065006511
4311,판교,신분당선,D11,1077,1077006811
4312,정자,신분당선,D12,1077,1077006812
4313,미금,신분당선,D13,1077,1077006813
4314,동천,신분당선,D14,1077,1077006814
4315,수지구청,신분당선,D15,1077,1077006815
4316,성복,신분당선,D16,1077,1077006816
4317,상현,신분당선,D17,1077,1077006817
4318,광교중앙,신분당선,D18,1077,1077006818
4319,광교,신분당선,D19,1077,1077006819
4304,신사,신분당선,D4,1077,1077000684
4305,논현,신분당선,D5,1077,1077000685
4306,신논현,신분당선,D6,1077,1077000686
4307,강남,신분당선,D7,1077,1077000687
4308,양재,신분당선,D8,1077,1077000688
4309,양재시민의숲,신분당선,D9,1077,1077000689
4401,샛강,신림선,S401,0,0
4402,대방,신림선,S402,0,0
4403,서울지방병무청,신림선,S403,0,0
4404,보라매,신림선,S404,0,0
4405,보라매공원,신림선,S405,0,0
4406,보라매병원,신림선,S406,0,0
4408,신림,신림선,S408,0,0
4409,서원,신림선,S409,0,0
4410,서울대벤처타운,신림선,S410,0,0
4411,관악산,신림선,S411,0,0
4501,기흥,용인경전철,Y110,0,0
4502,강남대,용인경전철,Y111,0,0
4503,지석,용인경전철,Y112,0,0
4504,어정,용인경전철,Y113,0,0
4505,동백,용인경전철,Y114,0,0
4506,초당,용인경전철,Y115,0,0
4508,삼가,용인경전철,Y116,0,0
4509,시청.용인대,용인경전철,Y117,0,0
4510,명지대,용인경전철,Y118,0,0
4511,김량장,용인경전철,Y119,0,0
4512,용인중앙시장,용인경전철,Y120,0,0
4513,고진,용인경전철,Y121,0,0
4514,보평,용인경전철,Y123,0,0
4515,둔전,용인경전철,Y125,0,0
4517,전대.에버랜드,용인경전철,Y126,0,0
4601,발곡,의정부경전철,U110,0,0
4602,회룡,의정부경전철,U111,0,0
4603,범골,의정부경전철,U112,0,0
4604,경전철의정부,의정부경전철,U113,0,0
4605,의정부시청,의정부경전철,U114,0,0
4607,의정부중앙,의정부경전철,U117,0,0
4608,동오,의정부경전철,U118,0,0
4609,새말,의정부경전철,U119,0,0
4611,효자,의정부경전철,U121,0,0
4612,곤제,의정부경전철,U122,0,0
4613,어룡,의정부경전철,U123,0,0
4614,송산,의정부경전철,U124,0,0
4615,탑석,의정부경전철,U125,0,0
4701,북한산우이,우이신설선,941,1092,1092004701
4702,솔밭공원,우이신설선,942,1092,1092004702
4703,4.19 민주묘지,우이신설선,943,1092,1092004703
4704,가오리,우이신설선,944,1092,1092004704
4705,화계,우이신설선,945,1092,1092004705
4706,삼양,우이신설선,946,1092,1092004706
4707,삼양사거리,우이신설선,947,1092,1092004707
4708,솔샘,우이신설선,948,1092,1092004708
4920,양촌,김포도시철도,690,0,0
4921,구래,김포도시철도,691,0,0
4922,마산,김포도시철도,692,0,0
1891,인천,수인분당선,K272,1075,1075075271
2561,마천,05호선,P555,1005,1005080555
2648,봉화산,06호선,647,1006,1006000647
4138,중앙보훈병원,09호선,938,1009,1009000938
1726,직산,01호선,P167,1001,1001080167
1727,두정,01호선,P168,1001,1001080168
1728,천안,01호선,P169,1001,1001080169
1401,봉명,01호선,P170,1001,1001080170
1402,쌍용(나사렛대),01호선,P171,1001,1001080171
1403,아산,01호선,P172,1001,1001080172
1404,탕정,01호선,P173,1001,1001080173
1405,배방,01호선,P174,1001,1001080174
1407,온양온천,01호선,P176,1001,1001080175
4606,흥선,의정부경전철,U115,0,0
0200,까치산,02호선,234-4,1002,1002002344
1261,효창공원앞,경의중앙선,K826,1063,1063075826
1408,신창,01호선,P177,1001,1001080176
2649,신내,06호선,648,1006,1006000648
3201,검단오류,인천2호선,I201,0,0
4407,당곡,신림선,S407,0,0
4709,북한산보국문,우이신설선,949,1092,1092004709
4710,정릉,우이신설선,950,1092,1092004710
4711,성신여대입구,우이신설선,951,1092,1092004711
4712,보문,우이신설선,952,1092,1092004712
4713,신설동,우이신설선,953,1092,1092004713
4804,소사,서해선,S16,1093,1093004010
4805,소새울,서해선,S17,1093,1093004011
4806,시흥대야,서해선,S18,1093,1093004012
4807,신천,서해선,S19,1093,1093004013
4808,신현,서해선,S20,1093,1093004014
4809,시흥시청,서해선,S22,1093,1093004016
4810,시흥능곡,서해선,S23,1093,1093004017
4811,달미,서해선,S24,1093,1093004018
4812,선부,서해선,S25,1093,1093004019
4813,초지,서해선,S26,1093,1093004020
4814,시우,서해선,S27,1093,1093004021
4815,원시,서해선,S28,1093,1093004022
4923,장기,김포도시철도,693,0,0
4924,운양,김포도시철도,694,0,0
4925,걸포북변,김포도시철도,695,0,0
4926,사우,김포도시철도,696,0,0
4927,풍무,김포도시철도,697,0,0
4928,고촌,김포도시철도,698,0,0
4929,김포공항,김포도시철도,699,0,0
1252,신촌(경의중앙선),경의중앙선,P312,1063,1063080312
1329,춘천,경춘선,P140,1067,1067080140
1251,서울,경의중앙선,P313,1063,1063080313